{
    "mean_squared_error": 1029.6102563294967,
    "mean_absolute_error": 18.870959540893793
}