{
    "mean_squared_error": 78.8631332019759,
    "mean_absolute_error": 6.11449445042577
}