{
    "mean_random_performance": 6215.697338387779,
    "policy_performance": 1866.595095646076
}